{"df_hight": 2240, "df_width": 29, "_timestamp": 1704581670.2453032, "_runtime": 8.258291244506836, "_step": 0, "_wandb": {"runtime": 7}}